File Upload option,Column
1,Sungai Penuh
2,Bogor
3,Cimahi
4,Cirebon
5,Langsa
6,Lhokseumawe
7,Meulaboh
8,Sabang
9,Subulussalam
10,Denpasar
11,Pangkalpinang
12,Cilegon
13,Serang
14,Tangerang Selatan
15,Tangerang
16,Bengkulu
17,Gorontalo
18,Kota Administrasi Jakarta Barat
19,Kota Administrasi Jakarta Pusat
20,Kota Administrasi Jakarta Selatan
21,Kota Administrasi Jakarta Timur
22,Kota Administrasi Jakarta Utara
23,Sungai Penuh
24,Jambi
25,Bandung
26,Bekasi
27,Bogor
28,Cimahi
29,Cirebon
30,Depok
